ID,Obrázky
378,https://printexpert.sk/wp-content/uploads/2020/05/traveling-2659204_640.png
383,https://printexpert.sk/wp-content/uploads/2020/05/envelopes_2_c.jpg
385,https://printexpert.sk/wp-content/uploads/2020/05/attachment_109389549.jpeg
386,https://printexpert.sk/wp-content/uploads/2020/05/A4-Letterhead-and-Business-Card-Mockup-2.jpg
387,https://printexpert.sk/wp-content/uploads/2020/05/buttons_1_c.jpg
388,https://printexpert.sk/wp-content/uploads/2020/05/moody-food-restaurant-menu-template_23-2148413548.jpg
390,https://printexpert.sk/wp-content/uploads/2020/05/postcard_2x.jpg
391,https://printexpert.sk/wp-content/uploads/2020/05/flyers_4_c.jpg
638,https://printexpert.sk/wp-content/uploads/2022/09/21.jpg
644,https://printexpert.sk/wp-content/uploads/2022/09/Free-Note-Block-Mockup.jpg    
648,https://printexpert.sk/wp-content/uploads/2022/09/il_794xN.3741285888_sz1s.jpg
650,https://printexpert.sk/wp-content/uploads/2022/09/Wire-binding-with-black-wire.jpg
666,https://printexpert.sk/wp-content/uploads/2022/09/1903324-cover.jpg
668,https://printexpert.sk/wp-content/uploads/2022/09/Free-Delivery-Shipping-Box-Mockup-PSD.jpg
670,https://printexpert.sk/wp-content/uploads/2022/09/Free-Stand-up-Pouch-Doypack-Food-Packaging-Mockup-PSD-Set-2.jpg
674,https://printexpert.sk/wp-content/uploads/2022/09/Free-Delivery-Shipping-Box-Mockup-PSD.jpg
675,https://printexpert.sk/wp-content/uploads/2022/09/Food-Tray-Packaging-Free-Mockup-01.jpg
678,https://printexpert.sk/wp-content/uploads/2022/09/il_794xN.4093529854_7zji.jpg
680,https://printexpert.sk/wp-content/uploads/2022/09/il_570xN.3127326333_j7fw.jpg
684,https://printexpert.sk/wp-content/uploads/2022/09/030916_COD_multi_616x20_travelcouple_insta.jpg
688,https://printexpert.sk/wp-content/uploads/2022/09/be0dd991-6902-463f-80c8-1ae4aed76efc.jpeg
690,https://printexpert.sk/wp-content/uploads/2022/09/pos-display-mockup_77323-1012.jpg
694,https://printexpert.sk/wp-content/uploads/2022/09/Adjustable-Media-Walls-Hero.jpg
696,https://printexpert.sk/wp-content/uploads/2022/09/okruhly-copy-scaled.jpg
700,https://printexpert.sk/wp-content/uploads/2022/11/White_Tote_Bag_Mockup-copy.jpg
702,"https://printexpert.sk/wp-content/uploads/2022/09/85912694-copy.jpg, https://printexpert.sk/wp-content/uploads/2022/09/85912694.jpg"
704,https://printexpert.sk/wp-content/uploads/2022/09/0c103b29699213.560174fe30e82.jpg
706,https://printexpert.sk/wp-content/uploads/2022/09/Logo-Mockup-On-Fabric-1000x750-1.jpg
708,"https://printexpert.sk/wp-content/uploads/2022/09/PVC-Karty-PrintExpert-scaled.jpg, https://printexpert.sk/wp-content/uploads/2022/09/PVC-Karty-PrintExpert-3-scaled.jpg, https://printexpert.sk/wp-content/uploads/2022/09/PVC-Karty-PrintExpert-2-scaled.jpg"
710,https://printexpert.sk/wp-content/uploads/2022/09/b36bc446-2bdc-44bc-8568-4a91a80a6719.jpeg
715,https://printexpert.sk/wp-content/uploads/2022/09/307-5P-Ciapka-unisex-Bruseny-keper-100-bavlna-7.jpg
718,https://printexpert.sk/wp-content/uploads/2022/09/Polep-dopravnych-prostriedkov-van-dodavka-PrintExpert-scaled.jpg
722,https://printexpert.sk/wp-content/uploads/2022/09/1626974050-tree-1626974024.jpg
724,https://printexpert.sk/wp-content/uploads/2022/09/1313511-cover.jpg
726,https://printexpert.sk/wp-content/uploads/2022/09/p-465-pm-1013-01-mockup_1.jpg
728,https://printexpert.sk/wp-content/uploads/2022/09/Desgin-Free-Award-Mockup-PSD-Template-1024x682-1.jpg
730,https://printexpert.sk/wp-content/uploads/2022/09/fall-garland4_1.jpg
732,https://printexpert.sk/wp-content/uploads/2022/09/il_794xN.3879905838_6prt.jpg
734,https://printexpert.sk/wp-content/uploads/2022/09/il_794xN.3978027815_q9mw.jpg
737,https://printexpert.sk/wp-content/uploads/2022/10/MXP-4004-poster-calendar-product-page-tile-001.jpeg
738,https://printexpert.sk/wp-content/uploads/2022/10/christmas-greeting-card-mockup-vector_53876-57819.jpg
739,https://printexpert.sk/wp-content/uploads/2022/10/il_570xN.3878642104_hyz6.jpg
742,https://printexpert.sk/wp-content/uploads/2022/10/Screenshot-2022-10-12-at-11.08.53.png
743,https://printexpert.sk/wp-content/uploads/2022/10/Screenshot-2022-10-12-at-11.57.16.png
745,https://printexpert.sk/wp-content/uploads/2022/10/Pocket-Calendar-Graphics-7994711-1.jpg
747,https://printexpert.sk/wp-content/uploads/2022/10/il_500x500.2867557402_46lq.jpg
748,https://printexpert.sk/wp-content/uploads/2022/10/black-white-mid-century-modern-radiating-lines-geometric-abstract-prints.jpg
749,https://printexpert.sk/wp-content/uploads/2022/10/53ffec94687209.5e84e750e3d03.jpg
750,https://printexpert.sk/wp-content/uploads/2022/10/4-How-to-Write-a-Report-Cover-Page.jpg
751,https://printexpert.sk/wp-content/uploads/2022/10/Screenshot-2022-10-12-at-11.52.42.png
753,https://printexpert.sk/wp-content/uploads/2022/10/Cetak_Nota_Bon_Numerator_3_Rangkap_Ply_Carbonless_Tanpa_Karb.jpg
755,https://printexpert.sk/wp-content/uploads/2022/10/wiro-wall-calendar-1000x1000-1.jpg
757,https://printexpert.sk/wp-content/uploads/2022/09/horizontal-desk-calendar-mockup_439185-2309.jpg
758,https://printexpert.sk/wp-content/uploads/2022/10/fabryka-piwa-labels-e1508793764796.jpeg
759,https://printexpert.sk/wp-content/uploads/2022/10/a699dec88f2af9703e759a47935ea130.jpg
760,https://printexpert.sk/wp-content/uploads/2022/10/Znackove-parkovanie-plne-parkovacich-znaciek-e1665572230322.jpg
761,https://printexpert.sk/wp-content/uploads/2022/10/a3280bdff63ffd76b7b894eb93852dd3.jpg
762,https://printexpert.sk/wp-content/uploads/2022/10/Mr-Mrs-WHITE-DISPLAY.jpg
765,https://printexpert.sk/wp-content/uploads/2022/10/145029_black-red___COLOP-Printer-20.jpg
867,"https://printexpert.sk/wp-content/uploads/2022/10/85912724-copy.jpg, https://printexpert.sk/wp-content/uploads/2022/10/85912724.jpg"
869,"https://printexpert.sk/wp-content/uploads/2022/10/85920224-copy.jpg, https://printexpert.sk/wp-content/uploads/2022/10/85920224.jpg"
875,"https://printexpert.sk/wp-content/uploads/2022/10/85920231-1-copy.jpg, https://printexpert.sk/wp-content/uploads/2022/10/85920231-1.jpg"
877,"https://printexpert.sk/wp-content/uploads/2022/10/85920279-copy.jpg, https://printexpert.sk/wp-content/uploads/2022/10/85920279.jpg"
879,"https://printexpert.sk/wp-content/uploads/2022/10/85920262-copy.jpg, https://printexpert.sk/wp-content/uploads/2022/10/85920262.jpg"
881,"https://printexpert.sk/wp-content/uploads/2022/10/85920248-copy.jpg, https://printexpert.sk/wp-content/uploads/2022/10/85920248.jpg"
1225,https://printexpert.sk/wp-content/uploads/2022/09/Polep-dopravnych-prostriedkov-osobne-auto-PrintExpert.jpg
1227,https://printexpert.sk/wp-content/uploads/2022/11/Polep-dopravnych-prostriedkov-autobus-PrintExpert-1.jpg
1230,https://printexpert.sk/wp-content/uploads/2022/11/Polep-dopravnych-prostriedkov-vlak-PrintExpert.jpg
1232,https://printexpert.sk/wp-content/uploads/2022/11/Polep-dopravnych-prostriedkov-kamion-PrintExpert-1.jpg
1423,"https://printexpert.sk/wp-content/uploads/2026/01/vizitky.webp, https://printexpert.sk/wp-content/uploads/2023/03/Jarkova-Dent-logomanual-upraveny-text-na-promo-2-scaled-copy.jpeg, https://printexpert.sk/wp-content/uploads/2023/03/Dusana_zlte_SJ-copy.jpeg, https://printexpert.sk/wp-content/uploads/2023/03/3F-VIZITKY.png"
1424,"https://printexpert.sk/wp-content/uploads/2026/01/letaky.webp, https://printexpert.sk/wp-content/uploads/2023/03/Letaky-www.printexpert.sk-Objednajte-si-online-Vasu-tlac-Pilot-letak-A4-scaled-copy-1.png, https://printexpert.sk/wp-content/uploads/2023/03/Letaky-www.printexpert.sk-Objednajte-si-online-Vasu-tlac-KALENDAR_AKTIVIT_2019_PRINT-copy.png, https://printexpert.sk/wp-content/uploads/2023/03/Letaky-www.printexpert.sk-Objednajte-si-online-Vasu-tlac-245377606_4315832285138335_8419205897334642730_n-copy.png, https://printexpert.sk/wp-content/uploads/2023/03/Letaky-www.printexpert.sk-Objednajte-si-online-Vasu-tlac-IMG_6267-scaled-copy.jpeg, https://printexpert.sk/wp-content/uploads/2023/12/Letaky-www.printexpert.sk-Objednajte-si-online-Vasu-tlac-RAZDVA-scaled-copy-copy.jpg"
1425,https://printexpert.sk/wp-content/uploads/2020/05/presentation_folder_3_c.jpg
1426,"https://printexpert.sk/wp-content/uploads/2026/01/tabule.webp, https://printexpert.sk/wp-content/uploads/2020/05/Foamcore-OutdoorDiningNowOpen-600x600-72dpi.jpg, https://printexpert.sk/wp-content/uploads/2023/03/9106615bf95e1f11584ba8f39e6e53aa-copy.jpg"
1427,"https://printexpert.sk/wp-content/uploads/2026/01/plagaty.webp, https://printexpert.sk/wp-content/uploads/2023/03/Plagat-www.printexpert.sk-6125247-copy-scaled-copy.png, https://printexpert.sk/wp-content/uploads/2023/03/Plagat-www.printexpert.sk-16dni_Aktivizmu_20195-scaled-copy.png, https://printexpert.sk/wp-content/uploads/2023/03/Plagat-www.printexpert.sk-Screenshot-2022-11-14-at-14.35-copy.png, https://printexpert.sk/wp-content/uploads/2023/03/Plagat-www.printexpert.sk-Screenshot-2022-11-14-at-14.33-copy.jpg, https://printexpert.sk/wp-content/uploads/2023/03/Plagat-www.printexpert.sk-IMG_6273-scaled-copy-1.png, https://printexpert.sk/wp-content/uploads/2023/03/Plagat-www.printexpert.sk-IMG_6272-scaled-copy-1.png"
1428,https://printexpert.sk/wp-content/uploads/2023/03/Printable-and-Electronic-30th-Birthday-Invitation-Template-Etsy.png
1429,https://printexpert.sk/wp-content/uploads/2026/01/banner.webp
1430,https://printexpert.sk/wp-content/uploads/2026/01/citylight.webp
1431,https://printexpert.sk/wp-content/uploads/2026/01/backlight.webp
1432,https://printexpert.sk/wp-content/uploads/2023/03/Matte-custom-explosion-proof-electrostatic-stickers-conference-room-office-sliding-door-glass-door-decorative-glass-film.jpeg
1433,https://printexpert.sk/wp-content/uploads/2026/01/magnetFolie.webp
1439,https://printexpert.sk/wp-content/uploads/2026/01/rollUp.webp
1440,"https://printexpert.sk/wp-content/uploads/2026/01/samolepFolie.webp, https://printexpert.sk/wp-content/uploads/2023/03/53827804_2055871151134471_1041155838405771264_n-e1669199041881.jpg, https://printexpert.sk/wp-content/uploads/2023/03/54200910_2055873841134202_5885510989855588352_n-e1669199059295.jpg, https://printexpert.sk/wp-content/uploads/2023/03/DK1_8605-1350x900-1-e1669199112874.jpg, https://printexpert.sk/wp-content/uploads/2023/03/IMG_0075-1200x900-1-e1669199128268.jpg, https://printexpert.sk/wp-content/uploads/2023/03/IMG_0466-e1669199161420.jpg, https://printexpert.sk/wp-content/uploads/2023/03/IMG_0595-1200x900-1-e1669199177448.jpg, https://printexpert.sk/wp-content/uploads/2023/03/IMG_0657-1200x900-1-e1669199197707.jpg, https://printexpert.sk/wp-content/uploads/2023/03/IMG_3255-1200x900-1-e1669199217245.jpg, https://printexpert.sk/wp-content/uploads/2023/03/IMG_3508-e1669199233881.jpg, https://printexpert.sk/wp-content/uploads/2023/03/IMG_3513-e1669199249122.jpg, https://printexpert.sk/wp-content/uploads/2023/03/38734205_1754445144610408_4590124346298597376_n-e1669199024660.jpg"
1441,https://printexpert.sk/wp-content/uploads/2023/03/Simple-Script-Black-Flat-Wedding-Invite-Together-WIth-Their-Whanau.jpeg
1442,"https://printexpert.sk/wp-content/uploads/2023/03/svadobne.webp, https://printexpert.sk/wp-content/uploads/2023/03/wedding-invitation-flowers-arrangement_23-2150279548.jpg.webp, https://printexpert.sk/wp-content/uploads/2023/03/still-life-wedding-planner-resources_52683-107630.jpg.webp"
1443,"https://printexpert.sk/wp-content/uploads/2023/03/darcekovyPoukaz.webp, https://printexpert.sk/wp-content/uploads/2023/12/56345-Sablona-darcekove-poukazy-pre-chovatelske-potreby-www.printexpert.sk_.jpg, https://printexpert.sk/wp-content/uploads/2023/12/Sablona-darcekove-poukazy-pre-umelecke-potreby-www.printexpert.sk_.jpg, https://printexpert.sk/wp-content/uploads/2023/12/Sablona-darcekove-poukazy-pre-kozmeticky-salon-www.printexpert.sk_.jpg, https://printexpert.sk/wp-content/uploads/2023/12/Sablona-darcekove-poukazy-pre-predajnu-sperkov-www.printexpert.sk_.jpg, https://printexpert.sk/wp-content/uploads/2023/12/Sablona-darcekove-poukazy-pre-pekaren-www.printexpert.sk_.jpg, https://printexpert.sk/wp-content/uploads/2023/12/Sablona-darcekove-poukazy-pre-darcekovy-obchod-www.printexpert.sk_.jpg, https://printexpert.sk/wp-content/uploads/2023/12/Sablona-darcekove-poukazy-na-masaze-www.printexpert.sk_.jpg, https://printexpert.sk/wp-content/uploads/2023/12/Sablona-darcekove-poukazy-k-narodeninam-www.printexpert.sk_.jpg, https://printexpert.sk/wp-content/uploads/2023/12/Sablona-darcekove-poukazy-5-www.printexpert.sk_.jpg, https://printexpert.sk/wp-content/uploads/2023/12/Sablona-darcekove-poukazy-4-www.printexpert.sk_.jpg, https://printexpert.sk/wp-content/uploads/2023/12/Sablona-darcekove-poukazy-2-www.printexpert.sk_.jpg"
1444,"https://printexpert.sk/wp-content/uploads/2026/01/vlastnyDesign.webp, https://printexpert.sk/wp-content/uploads/2023/03/Formaty-vlastnych-velkosti-www.printexpert.sk-IMG_6276-scaled-copy-1.png"
1445,https://printexpert.sk/wp-content/uploads/2023/02/Mesh--scaled.jpg
1446,https://printexpert.sk/wp-content/uploads/2023/02/Banner-na-plot-s-ockami-a-plastovymi-uchytkami-400-x1000mm-1-scaled.jpg
1447,"https://printexpert.sk/wp-content/uploads/2023/02/Tabula-plastova-na-plot-s-plastovymi-uchytkami-400x1000mm-1-scaled.jpg, https://printexpert.sk/wp-content/uploads/2023/02/Tabula-plastova-na-plot-s-plastovymi-uchytkami-500x1200mm-1-scaled.jpg, https://printexpert.sk/wp-content/uploads/2023/02/Tabula-plastova-na-plot-s-plastovymi-uchytkami-1000x1500mm-1-scaled.jpg"
1448,"https://printexpert.sk/wp-content/uploads/2026/01/promostolik.webp, https://printexpert.sk/wp-content/uploads/2023/02/Promostolik-plastovy-klasik-s-toperom.jpg"
1449,https://printexpert.sk/wp-content/uploads/2023/02/bytu-format-A2-s-obojstrannou-paskou.jpg
1451,"https://printexpert.sk/wp-content/uploads/2023/03/vlajka-s-vrtakom.jpg, https://printexpert.sk/wp-content/uploads/2023/02/Vlajka-zo-stojanom-vyska-31m-s-vrtakom-do-pody.jpg"
1452,"https://printexpert.sk/wp-content/uploads/2023/03/vlajka-na-pevnom.webp, https://printexpert.sk/wp-content/uploads/2023/02/Vlajka-zo-stojanom-vysky-31m-zo-stojanom-na-pevny-podklad.jpg"
1453,https://printexpert.sk/wp-content/uploads/2026/01/vesiaky.webp
1454,https://printexpert.sk/wp-content/uploads/2023/02/nalepka-format-vizitky.jpg
1455,"https://printexpert.sk/wp-content/uploads/2023/02/Mesh-na-plot-s-ockami-a-plastovymi-uchytkami-400-x1000mm-scaled.jpg, https://printexpert.sk/wp-content/uploads/2023/02/Mesh-na-plot-s-ockami-a-plastovymi-uchytkami-600x1500mm-scaled.jpg, https://printexpert.sk/wp-content/uploads/2023/02/Mesh-na-plot-s-ockami-a-plastovymi-uchytkami-1200-x-2500mm-scaled.jpg"
1456,https://printexpert.sk/wp-content/uploads/2023/02/Banner-na-stavebny-plot-pre-realitne-kancelarie-a-stavebne-firmy-1-scaled.jpg
1457,https://printexpert.sk/wp-content/uploads/2026/01/billboard.webp
1708,"https://printexpert.sk/wp-content/uploads/2023/03/COLOP_Printer_20_cierno_cierny.jpg, https://printexpert.sk/wp-content/uploads/2023/03/COLOP_Printer_20_bielo_cerveny.jpg, https://printexpert.sk/wp-content/uploads/2023/03/vymena-_podusky_1-1.jpg, https://printexpert.sk/wp-content/uploads/2023/03/vymena-_podusky_2-1.jpg"
1726,"https://printexpert.sk/wp-content/uploads/2023/03/COLOP_Printer_30_cierno_cierny.jpg, https://printexpert.sk/wp-content/uploads/2023/03/COLOP_Printer_30_bielo_cerveny.jpg, https://printexpert.sk/wp-content/uploads/2023/03/vymena-_podusky_1-2.jpg, https://printexpert.sk/wp-content/uploads/2023/03/vymena-_podusky_2-2.jpg"
1744,"https://printexpert.sk/wp-content/uploads/2023/03/COLOP_Printer_40_cierno_cierny.jpg, https://printexpert.sk/wp-content/uploads/2023/03/COLOP_Printer_40_bielo_cerveny.jpg, https://printexpert.sk/wp-content/uploads/2023/03/vymena-_podusky_1-3.jpg, https://printexpert.sk/wp-content/uploads/2023/03/vymena-_podusky_2-3.jpg"
1761,https://printexpert.sk/wp-content/uploads/2023/03/Colop_PR50_cierno_cierny.jpg
1772,https://printexpert.sk/wp-content/uploads/2023/03/Colop_PR60_cierno_cierny.jpg
1807,https://printexpert.sk/wp-content/uploads/2023/03/shiny-s-832.jpg
1828,https://printexpert.sk/wp-content/uploads/2023/03/shiny-printer-line-s-515.png
1835,https://printexpert.sk/wp-content/uploads/2023/03/shiny-printer-line-s-520.jpg
1841,https://printexpert.sk/wp-content/uploads/2023/03/s-530-printer-line-32x32mm.png
1850,https://printexpert.sk/wp-content/uploads/2023/03/r-512-printer-line-cerna-d12mm.gif
1854,https://printexpert.sk/wp-content/uploads/2023/03/shiny-r-520.jpg
1858,https://printexpert.sk/wp-content/uploads/2023/03/shiny-r-524.jpg
1862,https://printexpert.sk/wp-content/uploads/2023/03/shiny-r-532.jpg
1866,"https://printexpert.sk/wp-content/uploads/2023/03/printerR40_velky_cierny.jpg, https://printexpert.sk/wp-content/uploads/2023/03/printerR40_velky_cerveny.jpg, https://printexpert.sk/wp-content/uploads/2023/03/printerR40_velky_modry.jpg"
1871,https://printexpert.sk/wp-content/uploads/2023/03/r-546-printer-line-cierna-r46mm.jpg
1876,https://printexpert.sk/wp-content/uploads/2023/03/printerR50_velky_cierny.jpg
1880,https://printexpert.sk/wp-content/uploads/2023/03/o-3045-printer-line-cierna-oval-30x45mm.jpg
1885,https://printexpert.sk/wp-content/uploads/2023/03/o-3555-printer-line-cierna-oval-35x55mm.jpg
1900,https://printexpert.sk/wp-content/uploads/2023/03/1-1.jpg
1907,https://printexpert.sk/wp-content/uploads/2023/03/2-1.jpg
1909,https://printexpert.sk/wp-content/uploads/2023/03/3-1.jpg
1911,https://printexpert.sk/wp-content/uploads/2023/03/4.jpg
1913,https://printexpert.sk/wp-content/uploads/2023/03/5-1.jpg
1915,https://printexpert.sk/wp-content/uploads/2023/03/6.jpg
1918,https://printexpert.sk/wp-content/uploads/2023/03/7-1.jpg
1920,https://printexpert.sk/wp-content/uploads/2023/03/1-2.jpg
1922,https://printexpert.sk/wp-content/uploads/2023/03/2-2.jpg
1924,https://printexpert.sk/wp-content/uploads/2023/03/3-2.jpg
1926,https://printexpert.sk/wp-content/uploads/2023/03/4-1.jpg
1928,https://printexpert.sk/wp-content/uploads/2023/03/5-2.jpg
1930,https://printexpert.sk/wp-content/uploads/2023/03/6-1.jpg
1933,https://printexpert.sk/wp-content/uploads/2023/03/7-2.jpg
1935,https://printexpert.sk/wp-content/uploads/2023/03/8.jpg
1937,https://printexpert.sk/wp-content/uploads/2023/03/9.jpg
1939,https://printexpert.sk/wp-content/uploads/2023/03/1-3.jpg
1941,https://printexpert.sk/wp-content/uploads/2023/03/2-3.jpg
1943,https://printexpert.sk/wp-content/uploads/2023/03/3-3.jpg
1945,https://printexpert.sk/wp-content/uploads/2023/03/4-2.jpg
1948,https://printexpert.sk/wp-content/uploads/2023/03/5-3.jpg
1950,https://printexpert.sk/wp-content/uploads/2023/03/6-2.jpg
1954,https://printexpert.sk/wp-content/uploads/2023/03/7-3.jpg
1956,https://printexpert.sk/wp-content/uploads/2023/03/8-1.jpg
1958,https://printexpert.sk/wp-content/uploads/2023/03/8-1.jpg
1960,https://printexpert.sk/wp-content/uploads/2023/03/1-4.jpg
1962,https://printexpert.sk/wp-content/uploads/2023/03/2-4.jpg
1964,https://printexpert.sk/wp-content/uploads/2023/03/3-4.jpg
1966,https://printexpert.sk/wp-content/uploads/2023/03/4-3.jpg
1968,https://printexpert.sk/wp-content/uploads/2023/03/5-4.jpg
1971,https://printexpert.sk/wp-content/uploads/2023/03/6-3.jpg
1973,https://printexpert.sk/wp-content/uploads/2023/03/7-4.jpg
1975,https://printexpert.sk/wp-content/uploads/2023/03/8-2.jpg
1977,https://printexpert.sk/wp-content/uploads/2023/03/9-2.jpg
1979,https://printexpert.sk/wp-content/uploads/2023/03/10.jpg
1981,https://printexpert.sk/wp-content/uploads/2023/03/11.jpg
1983,https://printexpert.sk/wp-content/uploads/2023/03/12.jpg
1985,https://printexpert.sk/wp-content/uploads/2023/03/13.jpg
1987,https://printexpert.sk/wp-content/uploads/2023/03/14.jpg
1990,https://printexpert.sk/wp-content/uploads/2023/03/1-5.jpg
1992,https://printexpert.sk/wp-content/uploads/2023/03/2-5.jpg
1995,https://printexpert.sk/wp-content/uploads/2023/03/3-5.jpg
1998,https://printexpert.sk/wp-content/uploads/2026/01/vysacky.webp
2000,"https://printexpert.sk/wp-content/uploads/2023/03/black-lanyard-flat-ribbed-lanyard.jpg, https://printexpert.sk/wp-content/uploads/2023/03/white-lanyard-flat-ribbed-lanyard.jpg"
2036,"https://printexpert.sk/wp-content/uploads/2022/10/85993860-1-copy.jpg, https://printexpert.sk/wp-content/uploads/2022/10/85931749-1-copy.jpg, https://printexpert.sk/wp-content/uploads/2022/10/85969728-1-copy.jpg"
2037,"https://printexpert.sk/wp-content/uploads/2022/10/86002479-1-copy.jpg, https://printexpert.sk/wp-content/uploads/2022/10/85981515-1-copy.jpg"
2038,"https://printexpert.sk/wp-content/uploads/2022/10/85969735-1-copy.jpg, https://printexpert.sk/wp-content/uploads/2022/10/85931756-1-copy.jpg"
2039,https://printexpert.sk/wp-content/uploads/2022/10/85997851-1-copy-1.jpg
2040,https://printexpert.sk/wp-content/uploads/2022/10/85931732-1-copy.jpg
2042,https://printexpert.sk/wp-content/uploads/2022/10/85931732-1-copy.jpg
2980,"https://printexpert.sk/wp-content/uploads/2023/12/00002_2-SK.jpg, https://printexpert.sk/wp-content/uploads/2023/12/00002_3-SK.jpg, https://printexpert.sk/wp-content/uploads/2023/12/Rohoz-60x40cm-a-50x80cm-www.printexpert.sk_.jpg, https://printexpert.sk/wp-content/uploads/2023/12/Rohoz-osetreny-s-technologiou-stick-60x40cm-www.printexpert.sk_.jpg, https://printexpert.sk/wp-content/uploads/2023/12/Rohoz-doprava-60x40cm-www.printexpert.sk_.jpg, https://printexpert.sk/wp-content/uploads/2023/12/Rohoz-tlac-60x40cm-www.printexpert.sk_.jpg, https://printexpert.sk/wp-content/uploads/2023/12/Rohoz-vlastny-text-60x40cm-www.printexpert.sk_.jpg, https://printexpert.sk/wp-content/uploads/2023/12/Rohoz-profesionalita-60x40cm-www.printexpert.sk_.jpg, https://printexpert.sk/wp-content/uploads/2023/12/Rohoz-PVC-protismykova-podlozka-60x40cm-www.printexpert.sk_.jpg, https://printexpert.sk/wp-content/uploads/2023/12/Rohoz-100-z-kokosovych-supiek-60x40cm-www.printexpert.sk_.jpg"
2993,"https://printexpert.sk/wp-content/uploads/2023/12/00001_2-SK.jpg, https://printexpert.sk/wp-content/uploads/2023/12/00001_3-SK.jpg, https://printexpert.sk/wp-content/uploads/2023/12/Rohoz-60x40cm-a-50x80cm-www.printexpert.sk_.jpg, https://printexpert.sk/wp-content/uploads/2023/12/Rohoz-osetreny-s-technologiou-stick-60x40cm-www.printexpert.sk_.jpg, https://printexpert.sk/wp-content/uploads/2023/12/Rohoz-doprava-60x40cm-www.printexpert.sk_.jpg, https://printexpert.sk/wp-content/uploads/2023/12/Rohoz-tlac-60x40cm-www.printexpert.sk_.jpg, https://printexpert.sk/wp-content/uploads/2023/12/Rohoz-vlastny-text-60x40cm-www.printexpert.sk_.jpg, https://printexpert.sk/wp-content/uploads/2023/12/Rohoz-profesionalita-60x40cm-www.printexpert.sk_.jpg, https://printexpert.sk/wp-content/uploads/2023/12/Rohoz-PVC-protismykova-podlozka-60x40cm-www.printexpert.sk_.jpg, https://printexpert.sk/wp-content/uploads/2023/12/Rohoz-100-z-kokosovych-supiek-60x40cm-www.printexpert.sk_.jpg"
2996,"https://printexpert.sk/wp-content/uploads/2023/12/00003_2-SK.jpg, https://printexpert.sk/wp-content/uploads/2023/12/00003_2-SK.jpg, https://printexpert.sk/wp-content/uploads/2023/12/Rohoz-60x40cm-a-50x80cm-www.printexpert.sk_.jpg, https://printexpert.sk/wp-content/uploads/2023/12/Rohoz-osetreny-s-technologiou-stick-60x40cm-www.printexpert.sk_.jpg, https://printexpert.sk/wp-content/uploads/2023/12/Rohoz-doprava-60x40cm-www.printexpert.sk_.jpg, https://printexpert.sk/wp-content/uploads/2023/12/Rohoz-tlac-60x40cm-www.printexpert.sk_.jpg, https://printexpert.sk/wp-content/uploads/2023/12/Rohoz-vlastny-text-60x40cm-www.printexpert.sk_.jpg, https://printexpert.sk/wp-content/uploads/2023/12/Rohoz-profesionalita-60x40cm-www.printexpert.sk_.jpg, https://printexpert.sk/wp-content/uploads/2023/12/Rohoz-PVC-protismykova-podlozka-60x40cm-www.printexpert.sk_.jpg, https://printexpert.sk/wp-content/uploads/2023/12/Rohoz-100-z-kokosovych-supiek-60x40cm-www.printexpert.sk_.jpg"
2999,"https://printexpert.sk/wp-content/uploads/2023/12/00004_2-SK.jpg, https://printexpert.sk/wp-content/uploads/2023/12/00004_3-SK.jpg, https://printexpert.sk/wp-content/uploads/2023/12/Rohoz-60x40cm-a-50x80cm-www.printexpert.sk_.jpg, https://printexpert.sk/wp-content/uploads/2023/12/Rohoz-osetreny-s-technologiou-stick-60x40cm-www.printexpert.sk_.jpg, https://printexpert.sk/wp-content/uploads/2023/12/Rohoz-doprava-60x40cm-www.printexpert.sk_.jpg, https://printexpert.sk/wp-content/uploads/2023/12/Rohoz-tlac-60x40cm-www.printexpert.sk_.jpg, https://printexpert.sk/wp-content/uploads/2023/12/Rohoz-vlastny-text-60x40cm-www.printexpert.sk_.jpg, https://printexpert.sk/wp-content/uploads/2023/12/Rohoz-profesionalita-60x40cm-www.printexpert.sk_.jpg, https://printexpert.sk/wp-content/uploads/2023/12/Rohoz-PVC-protismykova-podlozka-60x40cm-www.printexpert.sk_.jpg, https://printexpert.sk/wp-content/uploads/2023/12/Rohoz-100-z-kokosovych-supiek-60x40cm-www.printexpert.sk_.jpg"
3002,"https://printexpert.sk/wp-content/uploads/2023/12/00005_2-SK.jpg, https://printexpert.sk/wp-content/uploads/2023/12/00005_3-SK.jpg, https://printexpert.sk/wp-content/uploads/2023/12/Rohoz-60x40cm-a-50x80cm-www.printexpert.sk_.jpg, https://printexpert.sk/wp-content/uploads/2023/12/Rohoz-osetreny-s-technologiou-stick-60x40cm-www.printexpert.sk_.jpg, https://printexpert.sk/wp-content/uploads/2023/12/Rohoz-doprava-60x40cm-www.printexpert.sk_.jpg, https://printexpert.sk/wp-content/uploads/2023/12/Rohoz-tlac-60x40cm-www.printexpert.sk_.jpg, https://printexpert.sk/wp-content/uploads/2023/12/Rohoz-vlastny-text-60x40cm-www.printexpert.sk_.jpg, https://printexpert.sk/wp-content/uploads/2023/12/Rohoz-profesionalita-60x40cm-www.printexpert.sk_.jpg, https://printexpert.sk/wp-content/uploads/2023/12/Rohoz-PVC-protismykova-podlozka-60x40cm-www.printexpert.sk_.jpg, https://printexpert.sk/wp-content/uploads/2023/12/Rohoz-100-z-kokosovych-supiek-60x40cm-www.printexpert.sk_.jpg"
3005,"https://printexpert.sk/wp-content/uploads/2023/12/00006_2-SK.jpg, https://printexpert.sk/wp-content/uploads/2023/12/00006_3-SK.jpg, https://printexpert.sk/wp-content/uploads/2023/12/Rohoz-60x40cm-a-50x80cm-www.printexpert.sk_.jpg, https://printexpert.sk/wp-content/uploads/2023/12/Rohoz-100-z-kokosovych-supiek-60x40cm-www.printexpert.sk_.jpg, https://printexpert.sk/wp-content/uploads/2023/12/Rohoz-PVC-protismykova-podlozka-60x40cm-www.printexpert.sk_.jpg, https://printexpert.sk/wp-content/uploads/2023/12/Rohoz-profesionalita-60x40cm-www.printexpert.sk_.jpg, https://printexpert.sk/wp-content/uploads/2023/12/Rohoz-vlastny-text-60x40cm-www.printexpert.sk_.jpg, https://printexpert.sk/wp-content/uploads/2023/12/Rohoz-tlac-60x40cm-www.printexpert.sk_.jpg, https://printexpert.sk/wp-content/uploads/2023/12/Rohoz-doprava-60x40cm-www.printexpert.sk_.jpg, https://printexpert.sk/wp-content/uploads/2023/12/Rohoz-osetreny-s-technologiou-stick-60x40cm-www.printexpert.sk_.jpg"
3016,"https://printexpert.sk/wp-content/uploads/2023/12/00007_2-SK.jpg, https://printexpert.sk/wp-content/uploads/2023/12/00007_3-SK.jpg, https://printexpert.sk/wp-content/uploads/2023/12/Rohoz-60x40cm-a-50x80cm-www.printexpert.sk_.jpg, https://printexpert.sk/wp-content/uploads/2023/12/Rohoz-100-z-kokosovych-supiek-60x40cm-www.printexpert.sk_.jpg, https://printexpert.sk/wp-content/uploads/2023/12/Rohoz-PVC-protismykova-podlozka-60x40cm-www.printexpert.sk_.jpg, https://printexpert.sk/wp-content/uploads/2023/12/Rohoz-profesionalita-60x40cm-www.printexpert.sk_.jpg, https://printexpert.sk/wp-content/uploads/2023/12/Rohoz-vlastny-text-60x40cm-www.printexpert.sk_.jpg, https://printexpert.sk/wp-content/uploads/2023/12/Rohoz-tlac-60x40cm-www.printexpert.sk_.jpg, https://printexpert.sk/wp-content/uploads/2023/12/Rohoz-doprava-60x40cm-www.printexpert.sk_.jpg, https://printexpert.sk/wp-content/uploads/2023/12/Rohoz-osetreny-s-technologiou-stick-60x40cm-www.printexpert.sk_.jpg"
3019,"https://printexpert.sk/wp-content/uploads/2023/12/00008-SK.jpg, https://printexpert.sk/wp-content/uploads/2023/12/00008_1-SK.jpg, https://printexpert.sk/wp-content/uploads/2023/12/Rohoz-60x40cm-a-50x80cm-www.printexpert.sk_.jpg, https://printexpert.sk/wp-content/uploads/2023/12/Rohoz-100-z-kokosovych-supiek-60x40cm-www.printexpert.sk_.jpg, https://printexpert.sk/wp-content/uploads/2023/12/Rohoz-PVC-protismykova-podlozka-60x40cm-www.printexpert.sk_.jpg, https://printexpert.sk/wp-content/uploads/2023/12/Rohoz-profesionalita-60x40cm-www.printexpert.sk_.jpg, https://printexpert.sk/wp-content/uploads/2023/12/Rohoz-vlastny-text-60x40cm-www.printexpert.sk_.jpg, https://printexpert.sk/wp-content/uploads/2023/12/Rohoz-tlac-60x40cm-www.printexpert.sk_.jpg, https://printexpert.sk/wp-content/uploads/2023/12/Rohoz-doprava-60x40cm-www.printexpert.sk_.jpg, https://printexpert.sk/wp-content/uploads/2023/12/Rohoz-osetreny-s-technologiou-stick-60x40cm-www.printexpert.sk_.jpg"
3022,"https://printexpert.sk/wp-content/uploads/2023/12/00009_-SK.jpg, https://printexpert.sk/wp-content/uploads/2023/12/00009_1_-SK.jpg, https://printexpert.sk/wp-content/uploads/2023/12/Rohoz-60x40cm-a-50x80cm-www.printexpert.sk_.jpg, https://printexpert.sk/wp-content/uploads/2023/12/Rohoz-100-z-kokosovych-supiek-60x40cm-www.printexpert.sk_.jpg, https://printexpert.sk/wp-content/uploads/2023/12/Rohoz-PVC-protismykova-podlozka-60x40cm-www.printexpert.sk_.jpg, https://printexpert.sk/wp-content/uploads/2023/12/Rohoz-profesionalita-60x40cm-www.printexpert.sk_.jpg, https://printexpert.sk/wp-content/uploads/2023/12/Rohoz-vlastny-text-60x40cm-www.printexpert.sk_.jpg, https://printexpert.sk/wp-content/uploads/2023/12/Rohoz-tlac-60x40cm-www.printexpert.sk_.jpg, https://printexpert.sk/wp-content/uploads/2023/12/Rohoz-doprava-60x40cm-www.printexpert.sk_.jpg, https://printexpert.sk/wp-content/uploads/2023/12/Rohoz-osetreny-s-technologiou-stick-60x40cm-www.printexpert.sk_.jpg"
3025,"https://printexpert.sk/wp-content/uploads/2023/12/00010-SK.jpg, https://printexpert.sk/wp-content/uploads/2023/12/00010_1-SK.jpg, https://printexpert.sk/wp-content/uploads/2023/12/Rohoz-60x40cm-a-50x80cm-www.printexpert.sk_.jpg, https://printexpert.sk/wp-content/uploads/2023/12/Rohoz-100-z-kokosovych-supiek-60x40cm-www.printexpert.sk_.jpg, https://printexpert.sk/wp-content/uploads/2023/12/Rohoz-PVC-protismykova-podlozka-60x40cm-www.printexpert.sk_.jpg, https://printexpert.sk/wp-content/uploads/2023/12/Rohoz-profesionalita-60x40cm-www.printexpert.sk_.jpg, https://printexpert.sk/wp-content/uploads/2023/12/Rohoz-vlastny-text-60x40cm-www.printexpert.sk_.jpg, https://printexpert.sk/wp-content/uploads/2023/12/Rohoz-tlac-60x40cm-www.printexpert.sk_.jpg, https://printexpert.sk/wp-content/uploads/2023/12/Rohoz-doprava-60x40cm-www.printexpert.sk_.jpg, https://printexpert.sk/wp-content/uploads/2023/12/Rohoz-osetreny-s-technologiou-stick-60x40cm-www.printexpert.sk_.jpg"
3028,"https://printexpert.sk/wp-content/uploads/2023/12/00011_2-SK.jpg, https://printexpert.sk/wp-content/uploads/2023/12/00011_3-SK.jpg, https://printexpert.sk/wp-content/uploads/2023/12/Rohoz-60x40cm-a-50x80cm-www.printexpert.sk_.jpg, https://printexpert.sk/wp-content/uploads/2023/12/Rohoz-100-z-kokosovych-supiek-60x40cm-www.printexpert.sk_.jpg, https://printexpert.sk/wp-content/uploads/2023/12/Rohoz-PVC-protismykova-podlozka-60x40cm-www.printexpert.sk_.jpg, https://printexpert.sk/wp-content/uploads/2023/12/Rohoz-profesionalita-60x40cm-www.printexpert.sk_.jpg, https://printexpert.sk/wp-content/uploads/2023/12/Rohoz-vlastny-text-60x40cm-www.printexpert.sk_.jpg, https://printexpert.sk/wp-content/uploads/2023/12/Rohoz-tlac-60x40cm-www.printexpert.sk_.jpg, https://printexpert.sk/wp-content/uploads/2023/12/Rohoz-doprava-60x40cm-www.printexpert.sk_.jpg, https://printexpert.sk/wp-content/uploads/2023/12/Rohoz-osetreny-s-technologiou-stick-60x40cm-www.printexpert.sk_.jpg"
3031,"https://printexpert.sk/wp-content/uploads/2023/12/00012-SK.jpg, https://printexpert.sk/wp-content/uploads/2023/12/00012_1-SK.jpg, https://printexpert.sk/wp-content/uploads/2023/12/Rohoz-60x40cm-a-50x80cm-www.printexpert.sk_.jpg, https://printexpert.sk/wp-content/uploads/2023/12/Rohoz-100-z-kokosovych-supiek-60x40cm-www.printexpert.sk_.jpg, https://printexpert.sk/wp-content/uploads/2023/12/Rohoz-PVC-protismykova-podlozka-60x40cm-www.printexpert.sk_.jpg, https://printexpert.sk/wp-content/uploads/2023/12/Rohoz-profesionalita-60x40cm-www.printexpert.sk_.jpg, https://printexpert.sk/wp-content/uploads/2023/12/Rohoz-vlastny-text-60x40cm-www.printexpert.sk_.jpg, https://printexpert.sk/wp-content/uploads/2023/12/Rohoz-tlac-60x40cm-www.printexpert.sk_.jpg, https://printexpert.sk/wp-content/uploads/2023/12/Rohoz-doprava-60x40cm-www.printexpert.sk_.jpg, https://printexpert.sk/wp-content/uploads/2023/12/Rohoz-osetreny-s-technologiou-stick-60x40cm-www.printexpert.sk_.jpg"
3034,"https://printexpert.sk/wp-content/uploads/2023/12/00013_2-SK.jpg, https://printexpert.sk/wp-content/uploads/2023/12/00013_3-SK.jpg, https://printexpert.sk/wp-content/uploads/2023/12/Rohoz-60x40cm-a-50x80cm-www.printexpert.sk_.jpg, https://printexpert.sk/wp-content/uploads/2023/12/Rohoz-100-z-kokosovych-supiek-60x40cm-www.printexpert.sk_.jpg, https://printexpert.sk/wp-content/uploads/2023/12/Rohoz-PVC-protismykova-podlozka-60x40cm-www.printexpert.sk_.jpg, https://printexpert.sk/wp-content/uploads/2023/12/Rohoz-profesionalita-60x40cm-www.printexpert.sk_.jpg, https://printexpert.sk/wp-content/uploads/2023/12/Rohoz-vlastny-text-60x40cm-www.printexpert.sk_.jpg, https://printexpert.sk/wp-content/uploads/2023/12/Rohoz-tlac-60x40cm-www.printexpert.sk_.jpg, https://printexpert.sk/wp-content/uploads/2023/12/Rohoz-doprava-60x40cm-www.printexpert.sk_.jpg, https://printexpert.sk/wp-content/uploads/2023/12/Rohoz-osetreny-s-technologiou-stick-60x40cm-www.printexpert.sk_.jpg"
3037,"https://printexpert.sk/wp-content/uploads/2023/12/00014_2-SK.jpg, https://printexpert.sk/wp-content/uploads/2023/12/00014_3-SK.jpg, https://printexpert.sk/wp-content/uploads/2023/12/Rohoz-60x40cm-a-50x80cm-www.printexpert.sk_.jpg, https://printexpert.sk/wp-content/uploads/2023/12/Rohoz-100-z-kokosovych-supiek-60x40cm-www.printexpert.sk_.jpg, https://printexpert.sk/wp-content/uploads/2023/12/Rohoz-PVC-protismykova-podlozka-60x40cm-www.printexpert.sk_.jpg, https://printexpert.sk/wp-content/uploads/2023/12/Rohoz-profesionalita-60x40cm-www.printexpert.sk_.jpg, https://printexpert.sk/wp-content/uploads/2023/12/Rohoz-vlastny-text-60x40cm-www.printexpert.sk_.jpg, https://printexpert.sk/wp-content/uploads/2023/12/Rohoz-tlac-60x40cm-www.printexpert.sk_.jpg, https://printexpert.sk/wp-content/uploads/2023/12/Rohoz-doprava-60x40cm-www.printexpert.sk_.jpg, https://printexpert.sk/wp-content/uploads/2023/12/Rohoz-osetreny-s-technologiou-stick-60x40cm-www.printexpert.sk_.jpg"
3040,"https://printexpert.sk/wp-content/uploads/2023/12/00015_2-SK.jpg, https://printexpert.sk/wp-content/uploads/2023/12/00015_3-SK.jpg, https://printexpert.sk/wp-content/uploads/2023/12/Rohoz-60x40cm-a-50x80cm-www.printexpert.sk_.jpg, https://printexpert.sk/wp-content/uploads/2023/12/Rohoz-100-z-kokosovych-supiek-60x40cm-www.printexpert.sk_.jpg, https://printexpert.sk/wp-content/uploads/2023/12/Rohoz-PVC-protismykova-podlozka-60x40cm-www.printexpert.sk_.jpg, https://printexpert.sk/wp-content/uploads/2023/12/Rohoz-profesionalita-60x40cm-www.printexpert.sk_.jpg, https://printexpert.sk/wp-content/uploads/2023/12/Rohoz-vlastny-text-60x40cm-www.printexpert.sk_.jpg, https://printexpert.sk/wp-content/uploads/2023/12/Rohoz-tlac-60x40cm-www.printexpert.sk_.jpg, https://printexpert.sk/wp-content/uploads/2023/12/Rohoz-doprava-60x40cm-www.printexpert.sk_.jpg, https://printexpert.sk/wp-content/uploads/2023/12/Rohoz-osetreny-s-technologiou-stick-60x40cm-www.printexpert.sk_.jpg"
3043,"https://printexpert.sk/wp-content/uploads/2023/12/00016-SK.jpg, https://printexpert.sk/wp-content/uploads/2023/12/00016_1-SK.jpg, https://printexpert.sk/wp-content/uploads/2023/12/Rohoz-60x40cm-a-50x80cm-www.printexpert.sk_.jpg, https://printexpert.sk/wp-content/uploads/2023/12/Rohoz-100-z-kokosovych-supiek-60x40cm-www.printexpert.sk_.jpg, https://printexpert.sk/wp-content/uploads/2023/12/Rohoz-PVC-protismykova-podlozka-60x40cm-www.printexpert.sk_.jpg, https://printexpert.sk/wp-content/uploads/2023/12/Rohoz-profesionalita-60x40cm-www.printexpert.sk_.jpg, https://printexpert.sk/wp-content/uploads/2023/12/Rohoz-vlastny-text-60x40cm-www.printexpert.sk_.jpg, https://printexpert.sk/wp-content/uploads/2023/12/Rohoz-tlac-60x40cm-www.printexpert.sk_.jpg, https://printexpert.sk/wp-content/uploads/2023/12/Rohoz-doprava-60x40cm-www.printexpert.sk_.jpg, https://printexpert.sk/wp-content/uploads/2023/12/Rohoz-osetreny-s-technologiou-stick-60x40cm-www.printexpert.sk_.jpg"
3046,"https://printexpert.sk/wp-content/uploads/2023/12/00017_2-SK.jpg, https://printexpert.sk/wp-content/uploads/2023/12/00017_3-SK.jpg, https://printexpert.sk/wp-content/uploads/2023/12/Rohoz-60x40cm-a-50x80cm-www.printexpert.sk_.jpg, https://printexpert.sk/wp-content/uploads/2023/12/Rohoz-100-z-kokosovych-supiek-60x40cm-www.printexpert.sk_.jpg, https://printexpert.sk/wp-content/uploads/2023/12/Rohoz-PVC-protismykova-podlozka-60x40cm-www.printexpert.sk_.jpg, https://printexpert.sk/wp-content/uploads/2023/12/Rohoz-profesionalita-60x40cm-www.printexpert.sk_.jpg, https://printexpert.sk/wp-content/uploads/2023/12/Rohoz-vlastny-text-60x40cm-www.printexpert.sk_.jpg, https://printexpert.sk/wp-content/uploads/2023/12/Rohoz-tlac-60x40cm-www.printexpert.sk_.jpg, https://printexpert.sk/wp-content/uploads/2023/12/Rohoz-doprava-60x40cm-www.printexpert.sk_.jpg, https://printexpert.sk/wp-content/uploads/2023/12/Rohoz-osetreny-s-technologiou-stick-60x40cm-www.printexpert.sk_.jpg"
3050,"https://printexpert.sk/wp-content/uploads/2023/12/00018_2-SK.jpg, https://printexpert.sk/wp-content/uploads/2023/12/00018_3-SK.jpg, https://printexpert.sk/wp-content/uploads/2023/12/Rohoz-60x40cm-a-50x80cm-www.printexpert.sk_.jpg, https://printexpert.sk/wp-content/uploads/2023/12/Rohoz-100-z-kokosovych-supiek-60x40cm-www.printexpert.sk_.jpg, https://printexpert.sk/wp-content/uploads/2023/12/Rohoz-PVC-protismykova-podlozka-60x40cm-www.printexpert.sk_.jpg, https://printexpert.sk/wp-content/uploads/2023/12/Rohoz-profesionalita-60x40cm-www.printexpert.sk_.jpg, https://printexpert.sk/wp-content/uploads/2023/12/Rohoz-vlastny-text-60x40cm-www.printexpert.sk_.jpg, https://printexpert.sk/wp-content/uploads/2023/12/Rohoz-tlac-60x40cm-www.printexpert.sk_.jpg, https://printexpert.sk/wp-content/uploads/2023/12/Rohoz-doprava-60x40cm-www.printexpert.sk_.jpg, https://printexpert.sk/wp-content/uploads/2023/12/Rohoz-osetreny-s-technologiou-stick-60x40cm-www.printexpert.sk_.jpg"
3053,"https://printexpert.sk/wp-content/uploads/2023/12/00019-SK.jpg, https://printexpert.sk/wp-content/uploads/2023/12/00019_1-SK.jpg, https://printexpert.sk/wp-content/uploads/2023/12/Rohoz-60x40cm-a-50x80cm-www.printexpert.sk_.jpg, https://printexpert.sk/wp-content/uploads/2023/12/Rohoz-100-z-kokosovych-supiek-60x40cm-www.printexpert.sk_.jpg, https://printexpert.sk/wp-content/uploads/2023/12/Rohoz-PVC-protismykova-podlozka-60x40cm-www.printexpert.sk_.jpg, https://printexpert.sk/wp-content/uploads/2023/12/Rohoz-profesionalita-60x40cm-www.printexpert.sk_.jpg, https://printexpert.sk/wp-content/uploads/2023/12/Rohoz-vlastny-text-60x40cm-www.printexpert.sk_.jpg, https://printexpert.sk/wp-content/uploads/2023/12/Rohoz-tlac-60x40cm-www.printexpert.sk_.jpg, https://printexpert.sk/wp-content/uploads/2023/12/Rohoz-doprava-60x40cm-www.printexpert.sk_.jpg, https://printexpert.sk/wp-content/uploads/2023/12/Rohoz-osetreny-s-technologiou-stick-60x40cm-www.printexpert.sk_.jpg"
3056,"https://printexpert.sk/wp-content/uploads/2023/12/00020_2-SK.jpg, https://printexpert.sk/wp-content/uploads/2023/12/00020_3-SK.jpg, https://printexpert.sk/wp-content/uploads/2023/12/Rohoz-60x40cm-a-50x80cm-www.printexpert.sk_.jpg, https://printexpert.sk/wp-content/uploads/2023/12/Rohoz-100-z-kokosovych-supiek-60x40cm-www.printexpert.sk_.jpg, https://printexpert.sk/wp-content/uploads/2023/12/Rohoz-PVC-protismykova-podlozka-60x40cm-www.printexpert.sk_.jpg, https://printexpert.sk/wp-content/uploads/2023/12/Rohoz-profesionalita-60x40cm-www.printexpert.sk_.jpg, https://printexpert.sk/wp-content/uploads/2023/12/Rohoz-vlastny-text-60x40cm-www.printexpert.sk_.jpg, https://printexpert.sk/wp-content/uploads/2023/12/Rohoz-tlac-60x40cm-www.printexpert.sk_.jpg, https://printexpert.sk/wp-content/uploads/2023/12/Rohoz-doprava-60x40cm-www.printexpert.sk_.jpg, https://printexpert.sk/wp-content/uploads/2023/12/Rohoz-osetreny-s-technologiou-stick-60x40cm-www.printexpert.sk_.jpg"
3059,"https://printexpert.sk/wp-content/uploads/2023/12/00021_2-SK.jpg, https://printexpert.sk/wp-content/uploads/2023/12/00021_3-SK-1.jpg, https://printexpert.sk/wp-content/uploads/2023/12/Rohoz-60x40cm-a-50x80cm-www.printexpert.sk_.jpg, https://printexpert.sk/wp-content/uploads/2023/12/Rohoz-100-z-kokosovych-supiek-60x40cm-www.printexpert.sk_.jpg, https://printexpert.sk/wp-content/uploads/2023/12/Rohoz-PVC-protismykova-podlozka-60x40cm-www.printexpert.sk_.jpg, https://printexpert.sk/wp-content/uploads/2023/12/Rohoz-profesionalita-60x40cm-www.printexpert.sk_.jpg, https://printexpert.sk/wp-content/uploads/2023/12/Rohoz-vlastny-text-60x40cm-www.printexpert.sk_.jpg, https://printexpert.sk/wp-content/uploads/2023/12/Rohoz-tlac-60x40cm-www.printexpert.sk_.jpg, https://printexpert.sk/wp-content/uploads/2023/12/Rohoz-doprava-60x40cm-www.printexpert.sk_.jpg, https://printexpert.sk/wp-content/uploads/2023/12/Rohoz-osetreny-s-technologiou-stick-60x40cm-www.printexpert.sk_.jpg"
3062,"https://printexpert.sk/wp-content/uploads/2023/12/00022_2-SK.jpg, https://printexpert.sk/wp-content/uploads/2023/12/00022_3-SK.jpg, https://printexpert.sk/wp-content/uploads/2023/12/Rohoz-60x40cm-a-50x80cm-www.printexpert.sk_.jpg, https://printexpert.sk/wp-content/uploads/2023/12/Rohoz-100-z-kokosovych-supiek-60x40cm-www.printexpert.sk_.jpg, https://printexpert.sk/wp-content/uploads/2023/12/Rohoz-PVC-protismykova-podlozka-60x40cm-www.printexpert.sk_.jpg, https://printexpert.sk/wp-content/uploads/2023/12/Rohoz-profesionalita-60x40cm-www.printexpert.sk_.jpg, https://printexpert.sk/wp-content/uploads/2023/12/Rohoz-vlastny-text-60x40cm-www.printexpert.sk_.jpg, https://printexpert.sk/wp-content/uploads/2023/12/Rohoz-tlac-60x40cm-www.printexpert.sk_.jpg, https://printexpert.sk/wp-content/uploads/2023/12/Rohoz-doprava-60x40cm-www.printexpert.sk_.jpg, https://printexpert.sk/wp-content/uploads/2023/12/Rohoz-osetreny-s-technologiou-stick-60x40cm-www.printexpert.sk_.jpg"
3181,"https://printexpert.sk/wp-content/uploads/2023/12/00023_4-SK.jpg, https://printexpert.sk/wp-content/uploads/2023/12/00023_2-SK.jpg, https://printexpert.sk/wp-content/uploads/2023/12/Rohoz-60x40cm-a-50x80cm-www.printexpert.sk_.jpg, https://printexpert.sk/wp-content/uploads/2023/12/Rohoz-100-z-kokosovych-supiek-60x40cm-www.printexpert.sk_.jpg, https://printexpert.sk/wp-content/uploads/2023/12/Rohoz-PVC-protismykova-podlozka-60x40cm-www.printexpert.sk_.jpg, https://printexpert.sk/wp-content/uploads/2023/12/Rohoz-profesionalita-60x40cm-www.printexpert.sk_.jpg, https://printexpert.sk/wp-content/uploads/2023/12/Rohoz-vlastny-text-60x40cm-www.printexpert.sk_.jpg, https://printexpert.sk/wp-content/uploads/2023/12/Rohoz-tlac-60x40cm-www.printexpert.sk_.jpg, https://printexpert.sk/wp-content/uploads/2023/12/Rohoz-doprava-60x40cm-www.printexpert.sk_.jpg, https://printexpert.sk/wp-content/uploads/2023/12/Rohoz-osetreny-s-technologiou-stick-60x40cm-www.printexpert.sk_.jpg"
3186,"https://printexpert.sk/wp-content/uploads/2023/12/00024_2-SK.jpg, https://printexpert.sk/wp-content/uploads/2023/12/00024_1-SK.jpg, https://printexpert.sk/wp-content/uploads/2023/12/Rohoz-60x40cm-a-50x80cm-www.printexpert.sk_.jpg, https://printexpert.sk/wp-content/uploads/2023/12/Rohoz-100-z-kokosovych-supiek-60x40cm-www.printexpert.sk_.jpg, https://printexpert.sk/wp-content/uploads/2023/12/Rohoz-PVC-protismykova-podlozka-60x40cm-www.printexpert.sk_.jpg, https://printexpert.sk/wp-content/uploads/2023/12/Rohoz-profesionalita-60x40cm-www.printexpert.sk_.jpg, https://printexpert.sk/wp-content/uploads/2023/12/Rohoz-vlastny-text-60x40cm-www.printexpert.sk_.jpg, https://printexpert.sk/wp-content/uploads/2023/12/Rohoz-tlac-60x40cm-www.printexpert.sk_.jpg, https://printexpert.sk/wp-content/uploads/2023/12/Rohoz-doprava-60x40cm-www.printexpert.sk_.jpg, https://printexpert.sk/wp-content/uploads/2023/12/Rohoz-osetreny-s-technologiou-stick-60x40cm-www.printexpert.sk_.jpg"
3189,"https://printexpert.sk/wp-content/uploads/2023/12/00025_1-SK.jpg, https://printexpert.sk/wp-content/uploads/2023/12/00025_2-SK.jpg, https://printexpert.sk/wp-content/uploads/2023/12/Rohoz-60x40cm-a-50x80cm-www.printexpert.sk_.jpg, https://printexpert.sk/wp-content/uploads/2023/12/Rohoz-100-z-kokosovych-supiek-60x40cm-www.printexpert.sk_.jpg, https://printexpert.sk/wp-content/uploads/2023/12/Rohoz-PVC-protismykova-podlozka-60x40cm-www.printexpert.sk_.jpg, https://printexpert.sk/wp-content/uploads/2023/12/Rohoz-profesionalita-60x40cm-www.printexpert.sk_.jpg, https://printexpert.sk/wp-content/uploads/2023/12/Rohoz-vlastny-text-60x40cm-www.printexpert.sk_.jpg, https://printexpert.sk/wp-content/uploads/2023/12/Rohoz-tlac-60x40cm-www.printexpert.sk_.jpg, https://printexpert.sk/wp-content/uploads/2023/12/Rohoz-doprava-60x40cm-www.printexpert.sk_.jpg, https://printexpert.sk/wp-content/uploads/2023/12/Rohoz-osetreny-s-technologiou-stick-60x40cm-www.printexpert.sk_.jpg"
3192,"https://printexpert.sk/wp-content/uploads/2023/12/00026_1-SK.jpg, https://printexpert.sk/wp-content/uploads/2023/12/00026_2-SK.jpg, https://printexpert.sk/wp-content/uploads/2023/12/Rohoz-60x40cm-a-50x80cm-www.printexpert.sk_.jpg, https://printexpert.sk/wp-content/uploads/2023/12/Rohoz-100-z-kokosovych-supiek-60x40cm-www.printexpert.sk_.jpg, https://printexpert.sk/wp-content/uploads/2023/12/Rohoz-PVC-protismykova-podlozka-60x40cm-www.printexpert.sk_.jpg, https://printexpert.sk/wp-content/uploads/2023/12/Rohoz-profesionalita-60x40cm-www.printexpert.sk_.jpg, https://printexpert.sk/wp-content/uploads/2023/12/Rohoz-vlastny-text-60x40cm-www.printexpert.sk_.jpg, https://printexpert.sk/wp-content/uploads/2023/12/Rohoz-tlac-60x40cm-www.printexpert.sk_.jpg, https://printexpert.sk/wp-content/uploads/2023/12/Rohoz-doprava-60x40cm-www.printexpert.sk_.jpg, https://printexpert.sk/wp-content/uploads/2023/12/Rohoz-osetreny-s-technologiou-stick-60x40cm-www.printexpert.sk_.jpg"
3195,"https://printexpert.sk/wp-content/uploads/2023/12/00027_1-SK.jpg, https://printexpert.sk/wp-content/uploads/2023/12/00027_2-SK.jpg, https://printexpert.sk/wp-content/uploads/2023/12/Rohoz-60x40cm-a-50x80cm-www.printexpert.sk_.jpg, https://printexpert.sk/wp-content/uploads/2023/12/Rohoz-100-z-kokosovych-supiek-60x40cm-www.printexpert.sk_.jpg, https://printexpert.sk/wp-content/uploads/2023/12/Rohoz-PVC-protismykova-podlozka-60x40cm-www.printexpert.sk_.jpg, https://printexpert.sk/wp-content/uploads/2023/12/Rohoz-profesionalita-60x40cm-www.printexpert.sk_.jpg, https://printexpert.sk/wp-content/uploads/2023/12/Rohoz-vlastny-text-60x40cm-www.printexpert.sk_.jpg, https://printexpert.sk/wp-content/uploads/2023/12/Rohoz-tlac-60x40cm-www.printexpert.sk_.jpg, https://printexpert.sk/wp-content/uploads/2023/12/Rohoz-doprava-60x40cm-www.printexpert.sk_.jpg, https://printexpert.sk/wp-content/uploads/2023/12/Rohoz-osetreny-s-technologiou-stick-60x40cm-www.printexpert.sk_.jpg"
3198,"https://printexpert.sk/wp-content/uploads/2023/12/00028_1-SK.jpg, https://printexpert.sk/wp-content/uploads/2023/12/00028_2-SK.jpg, https://printexpert.sk/wp-content/uploads/2023/12/Rohoz-60x40cm-a-50x80cm-www.printexpert.sk_.jpg, https://printexpert.sk/wp-content/uploads/2023/12/Rohoz-100-z-kokosovych-supiek-60x40cm-www.printexpert.sk_.jpg, https://printexpert.sk/wp-content/uploads/2023/12/Rohoz-PVC-protismykova-podlozka-60x40cm-www.printexpert.sk_.jpg, https://printexpert.sk/wp-content/uploads/2023/12/Rohoz-profesionalita-60x40cm-www.printexpert.sk_.jpg, https://printexpert.sk/wp-content/uploads/2023/12/Rohoz-vlastny-text-60x40cm-www.printexpert.sk_.jpg, https://printexpert.sk/wp-content/uploads/2023/12/Rohoz-tlac-60x40cm-www.printexpert.sk_.jpg, https://printexpert.sk/wp-content/uploads/2023/12/Rohoz-doprava-60x40cm-www.printexpert.sk_.jpg, https://printexpert.sk/wp-content/uploads/2023/12/Rohoz-osetreny-s-technologiou-stick-60x40cm-www.printexpert.sk_.jpg"
3201,"https://printexpert.sk/wp-content/uploads/2023/12/00029_1-SK.jpg, https://printexpert.sk/wp-content/uploads/2023/12/00029_2-SK.jpg, https://printexpert.sk/wp-content/uploads/2023/12/Rohoz-60x40cm-a-50x80cm-www.printexpert.sk_.jpg, https://printexpert.sk/wp-content/uploads/2023/12/Rohoz-100-z-kokosovych-supiek-60x40cm-www.printexpert.sk_.jpg, https://printexpert.sk/wp-content/uploads/2023/12/Rohoz-PVC-protismykova-podlozka-60x40cm-www.printexpert.sk_.jpg, https://printexpert.sk/wp-content/uploads/2023/12/Rohoz-profesionalita-60x40cm-www.printexpert.sk_.jpg, https://printexpert.sk/wp-content/uploads/2023/12/Rohoz-vlastny-text-60x40cm-www.printexpert.sk_.jpg, https://printexpert.sk/wp-content/uploads/2023/12/Rohoz-tlac-60x40cm-www.printexpert.sk_.jpg, https://printexpert.sk/wp-content/uploads/2023/12/Rohoz-doprava-60x40cm-www.printexpert.sk_.jpg, https://printexpert.sk/wp-content/uploads/2023/12/Rohoz-osetreny-s-technologiou-stick-60x40cm-www.printexpert.sk_.jpg"
3204,"https://printexpert.sk/wp-content/uploads/2023/12/00030_1-SK.jpg, https://printexpert.sk/wp-content/uploads/2023/12/00030_2-SK.jpg, https://printexpert.sk/wp-content/uploads/2023/12/Rohoz-60x40cm-a-50x80cm-www.printexpert.sk_.jpg, https://printexpert.sk/wp-content/uploads/2023/12/Rohoz-100-z-kokosovych-supiek-60x40cm-www.printexpert.sk_.jpg, https://printexpert.sk/wp-content/uploads/2023/12/Rohoz-PVC-protismykova-podlozka-60x40cm-www.printexpert.sk_.jpg, https://printexpert.sk/wp-content/uploads/2023/12/Rohoz-profesionalita-60x40cm-www.printexpert.sk_.jpg, https://printexpert.sk/wp-content/uploads/2023/12/Rohoz-vlastny-text-60x40cm-www.printexpert.sk_.jpg, https://printexpert.sk/wp-content/uploads/2023/12/Rohoz-tlac-60x40cm-www.printexpert.sk_.jpg, https://printexpert.sk/wp-content/uploads/2023/12/Rohoz-doprava-60x40cm-www.printexpert.sk_.jpg, https://printexpert.sk/wp-content/uploads/2023/12/Rohoz-osetreny-s-technologiou-stick-60x40cm-www.printexpert.sk_.jpg"
3207,"https://printexpert.sk/wp-content/uploads/2023/12/00031_1-SK.jpg, https://printexpert.sk/wp-content/uploads/2023/12/00031_2-SK.jpg, https://printexpert.sk/wp-content/uploads/2023/12/Rohoz-60x40cm-a-50x80cm-www.printexpert.sk_.jpg, https://printexpert.sk/wp-content/uploads/2023/12/Rohoz-100-z-kokosovych-supiek-60x40cm-www.printexpert.sk_.jpg, https://printexpert.sk/wp-content/uploads/2023/12/Rohoz-PVC-protismykova-podlozka-60x40cm-www.printexpert.sk_.jpg, https://printexpert.sk/wp-content/uploads/2023/12/Rohoz-profesionalita-60x40cm-www.printexpert.sk_.jpg, https://printexpert.sk/wp-content/uploads/2023/12/Rohoz-vlastny-text-60x40cm-www.printexpert.sk_.jpg, https://printexpert.sk/wp-content/uploads/2023/12/Rohoz-tlac-60x40cm-www.printexpert.sk_.jpg, https://printexpert.sk/wp-content/uploads/2023/12/Rohoz-doprava-60x40cm-www.printexpert.sk_.jpg, https://printexpert.sk/wp-content/uploads/2023/12/Rohoz-osetreny-s-technologiou-stick-60x40cm-www.printexpert.sk_.jpg"
3210,"https://printexpert.sk/wp-content/uploads/2023/12/00032_1-SK.jpg, https://printexpert.sk/wp-content/uploads/2023/12/00032_2-SK.jpg, https://printexpert.sk/wp-content/uploads/2023/12/Rohoz-60x40cm-a-50x80cm-www.printexpert.sk_.jpg, https://printexpert.sk/wp-content/uploads/2023/12/Rohoz-100-z-kokosovych-supiek-60x40cm-www.printexpert.sk_.jpg, https://printexpert.sk/wp-content/uploads/2023/12/Rohoz-PVC-protismykova-podlozka-60x40cm-www.printexpert.sk_.jpg, https://printexpert.sk/wp-content/uploads/2023/12/Rohoz-profesionalita-60x40cm-www.printexpert.sk_.jpg, https://printexpert.sk/wp-content/uploads/2023/12/Rohoz-vlastny-text-60x40cm-www.printexpert.sk_.jpg, https://printexpert.sk/wp-content/uploads/2023/12/Rohoz-tlac-60x40cm-www.printexpert.sk_.jpg, https://printexpert.sk/wp-content/uploads/2023/12/Rohoz-doprava-60x40cm-www.printexpert.sk_.jpg, https://printexpert.sk/wp-content/uploads/2023/12/Rohoz-osetreny-s-technologiou-stick-60x40cm-www.printexpert.sk_.jpg"
3213,"https://printexpert.sk/wp-content/uploads/2023/12/00033_1-SK.jpg, https://printexpert.sk/wp-content/uploads/2023/12/00033_2-SK.jpg, https://printexpert.sk/wp-content/uploads/2023/12/Rohoz-60x40cm-a-50x80cm-www.printexpert.sk_.jpg, https://printexpert.sk/wp-content/uploads/2023/12/Rohoz-100-z-kokosovych-supiek-60x40cm-www.printexpert.sk_.jpg, https://printexpert.sk/wp-content/uploads/2023/12/Rohoz-PVC-protismykova-podlozka-60x40cm-www.printexpert.sk_.jpg, https://printexpert.sk/wp-content/uploads/2023/12/Rohoz-profesionalita-60x40cm-www.printexpert.sk_.jpg, https://printexpert.sk/wp-content/uploads/2023/12/Rohoz-vlastny-text-60x40cm-www.printexpert.sk_.jpg, https://printexpert.sk/wp-content/uploads/2023/12/Rohoz-tlac-60x40cm-www.printexpert.sk_.jpg, https://printexpert.sk/wp-content/uploads/2023/12/Rohoz-doprava-60x40cm-www.printexpert.sk_.jpg, https://printexpert.sk/wp-content/uploads/2023/12/Rohoz-osetreny-s-technologiou-stick-60x40cm-www.printexpert.sk_.jpg"
3216,"https://printexpert.sk/wp-content/uploads/2023/12/00034_1-SK.jpg, https://printexpert.sk/wp-content/uploads/2023/12/00034_2-SK.jpg, https://printexpert.sk/wp-content/uploads/2023/12/Rohoz-60x40cm-a-50x80cm-www.printexpert.sk_.jpg, https://printexpert.sk/wp-content/uploads/2023/12/Rohoz-100-z-kokosovych-supiek-60x40cm-www.printexpert.sk_.jpg, https://printexpert.sk/wp-content/uploads/2023/12/Rohoz-PVC-protismykova-podlozka-60x40cm-www.printexpert.sk_.jpg, https://printexpert.sk/wp-content/uploads/2023/12/Rohoz-profesionalita-60x40cm-www.printexpert.sk_.jpg, https://printexpert.sk/wp-content/uploads/2023/12/Rohoz-vlastny-text-60x40cm-www.printexpert.sk_.jpg, https://printexpert.sk/wp-content/uploads/2023/12/Rohoz-tlac-60x40cm-www.printexpert.sk_.jpg, https://printexpert.sk/wp-content/uploads/2023/12/Rohoz-doprava-60x40cm-www.printexpert.sk_.jpg, https://printexpert.sk/wp-content/uploads/2023/12/Rohoz-osetreny-s-technologiou-stick-60x40cm-www.printexpert.sk_.jpg"
3219,https://printexpert.sk/wp-content/uploads/2023/12/00035_1-SK.jpg
3222,"https://printexpert.sk/wp-content/uploads/2023/12/00036_1-SK.jpg, https://printexpert.sk/wp-content/uploads/2023/12/00036_2-SK.jpg, https://printexpert.sk/wp-content/uploads/2023/12/Rohoz-60x40cm-a-50x80cm-www.printexpert.sk_.jpg, https://printexpert.sk/wp-content/uploads/2023/12/Rohoz-100-z-kokosovych-supiek-60x40cm-www.printexpert.sk_.jpg, https://printexpert.sk/wp-content/uploads/2023/12/Rohoz-PVC-protismykova-podlozka-60x40cm-www.printexpert.sk_.jpg, https://printexpert.sk/wp-content/uploads/2023/12/Rohoz-profesionalita-60x40cm-www.printexpert.sk_.jpg, https://printexpert.sk/wp-content/uploads/2023/12/Rohoz-vlastny-text-60x40cm-www.printexpert.sk_.jpg, https://printexpert.sk/wp-content/uploads/2023/12/Rohoz-tlac-60x40cm-www.printexpert.sk_.jpg, https://printexpert.sk/wp-content/uploads/2023/12/Rohoz-doprava-60x40cm-www.printexpert.sk_.jpg, https://printexpert.sk/wp-content/uploads/2023/12/Rohoz-osetreny-s-technologiou-stick-60x40cm-www.printexpert.sk_.jpg"
3225,"https://printexpert.sk/wp-content/uploads/2023/12/00037_2-SK.jpg, https://printexpert.sk/wp-content/uploads/2023/12/00037_1-SK.jpg, https://printexpert.sk/wp-content/uploads/2023/12/Rohoz-60x40cm-a-50x80cm-www.printexpert.sk_.jpg, https://printexpert.sk/wp-content/uploads/2023/12/Rohoz-100-z-kokosovych-supiek-60x40cm-www.printexpert.sk_.jpg, https://printexpert.sk/wp-content/uploads/2023/12/Rohoz-PVC-protismykova-podlozka-60x40cm-www.printexpert.sk_.jpg, https://printexpert.sk/wp-content/uploads/2023/12/Rohoz-profesionalita-60x40cm-www.printexpert.sk_.jpg, https://printexpert.sk/wp-content/uploads/2023/12/Rohoz-vlastny-text-60x40cm-www.printexpert.sk_.jpg, https://printexpert.sk/wp-content/uploads/2023/12/Rohoz-tlac-60x40cm-www.printexpert.sk_.jpg, https://printexpert.sk/wp-content/uploads/2023/12/Rohoz-doprava-60x40cm-www.printexpert.sk_.jpg, https://printexpert.sk/wp-content/uploads/2023/12/Rohoz-osetreny-s-technologiou-stick-60x40cm-www.printexpert.sk_.jpg"
3228,"https://printexpert.sk/wp-content/uploads/2023/12/00038_1-SK.jpg, https://printexpert.sk/wp-content/uploads/2023/12/00038_2-SK.jpg, https://printexpert.sk/wp-content/uploads/2023/12/Rohoz-60x40cm-www.printexpert.sk_.jpg, https://printexpert.sk/wp-content/uploads/2023/12/Rohoz-100-z-kokosovych-supiek-60x40cm-www.printexpert.sk_.jpg, https://printexpert.sk/wp-content/uploads/2023/12/Rohoz-PVC-protismykova-podlozka-60x40cm-www.printexpert.sk_.jpg, https://printexpert.sk/wp-content/uploads/2023/12/Rohoz-profesionalita-60x40cm-www.printexpert.sk_.jpg, https://printexpert.sk/wp-content/uploads/2023/12/Rohoz-vlastny-text-60x40cm-www.printexpert.sk_.jpg, https://printexpert.sk/wp-content/uploads/2023/12/Rohoz-tlac-60x40cm-www.printexpert.sk_.jpg, https://printexpert.sk/wp-content/uploads/2023/12/Rohoz-doprava-60x40cm-www.printexpert.sk_.jpg, https://printexpert.sk/wp-content/uploads/2023/12/Rohoz-osetreny-s-technologiou-stick-60x40cm-www.printexpert.sk_.jpg"
3231,"https://printexpert.sk/wp-content/uploads/2023/12/00039_1-SK.jpg, https://printexpert.sk/wp-content/uploads/2023/12/00039_2-SK.jpg, https://printexpert.sk/wp-content/uploads/2023/12/Rohoz-60x40cm-a-50x80cm-www.printexpert.sk_.jpg, https://printexpert.sk/wp-content/uploads/2023/12/Rohoz-100-z-kokosovych-supiek-60x40cm-www.printexpert.sk_.jpg, https://printexpert.sk/wp-content/uploads/2023/12/Rohoz-PVC-protismykova-podlozka-60x40cm-www.printexpert.sk_.jpg, https://printexpert.sk/wp-content/uploads/2023/12/Rohoz-profesionalita-60x40cm-www.printexpert.sk_.jpg, https://printexpert.sk/wp-content/uploads/2023/12/Rohoz-vlastny-text-60x40cm-www.printexpert.sk_.jpg, https://printexpert.sk/wp-content/uploads/2023/12/Rohoz-tlac-60x40cm-www.printexpert.sk_.jpg, https://printexpert.sk/wp-content/uploads/2023/12/Rohoz-doprava-60x40cm-www.printexpert.sk_.jpg, https://printexpert.sk/wp-content/uploads/2023/12/Rohoz-osetreny-s-technologiou-stick-60x40cm-www.printexpert.sk_.jpg"
3234,"https://printexpert.sk/wp-content/uploads/2023/12/00040_1-SK.jpg, https://printexpert.sk/wp-content/uploads/2023/12/00040_2-SK.jpg, https://printexpert.sk/wp-content/uploads/2023/12/Rohoz-60x40cm-a-50x80cm-www.printexpert.sk_.jpg, https://printexpert.sk/wp-content/uploads/2023/12/Rohoz-100-z-kokosovych-supiek-60x40cm-www.printexpert.sk_.jpg, https://printexpert.sk/wp-content/uploads/2023/12/Rohoz-PVC-protismykova-podlozka-60x40cm-www.printexpert.sk_.jpg, https://printexpert.sk/wp-content/uploads/2023/12/Rohoz-profesionalita-60x40cm-www.printexpert.sk_.jpg, https://printexpert.sk/wp-content/uploads/2023/12/Rohoz-vlastny-text-60x40cm-www.printexpert.sk_.jpg, https://printexpert.sk/wp-content/uploads/2023/12/Rohoz-tlac-60x40cm-www.printexpert.sk_.jpg, https://printexpert.sk/wp-content/uploads/2023/12/Rohoz-doprava-60x40cm-www.printexpert.sk_.jpg, https://printexpert.sk/wp-content/uploads/2023/12/Rohoz-osetreny-s-technologiou-stick-60x40cm-www.printexpert.sk_.jpg"
3237,"https://printexpert.sk/wp-content/uploads/2023/12/00041_1-SK.jpg, https://printexpert.sk/wp-content/uploads/2023/12/00041_2-SK.jpg, https://printexpert.sk/wp-content/uploads/2023/12/Rohoz-60x40cm-a-50x80cm-www.printexpert.sk_.jpg, https://printexpert.sk/wp-content/uploads/2023/12/Rohoz-100-z-kokosovych-supiek-60x40cm-www.printexpert.sk_.jpg, https://printexpert.sk/wp-content/uploads/2023/12/Rohoz-PVC-protismykova-podlozka-60x40cm-www.printexpert.sk_.jpg, https://printexpert.sk/wp-content/uploads/2023/12/Rohoz-profesionalita-60x40cm-www.printexpert.sk_.jpg, https://printexpert.sk/wp-content/uploads/2023/12/Rohoz-vlastny-text-60x40cm-www.printexpert.sk_.jpg, https://printexpert.sk/wp-content/uploads/2023/12/Rohoz-tlac-60x40cm-www.printexpert.sk_.jpg, https://printexpert.sk/wp-content/uploads/2023/12/Rohoz-doprava-60x40cm-www.printexpert.sk_.jpg, https://printexpert.sk/wp-content/uploads/2023/12/Rohoz-osetreny-s-technologiou-stick-60x40cm-www.printexpert.sk_.jpg"
3240,"https://printexpert.sk/wp-content/uploads/2023/12/00042_1-SK.jpg, https://printexpert.sk/wp-content/uploads/2023/12/00042_2-SK.jpg, https://printexpert.sk/wp-content/uploads/2023/12/Rohoz-60x40cm-a-50x80cm-www.printexpert.sk_.jpg, https://printexpert.sk/wp-content/uploads/2023/12/Rohoz-100-z-kokosovych-supiek-60x40cm-www.printexpert.sk_.jpg, https://printexpert.sk/wp-content/uploads/2023/12/Rohoz-PVC-protismykova-podlozka-60x40cm-www.printexpert.sk_.jpg, https://printexpert.sk/wp-content/uploads/2023/12/Rohoz-profesionalita-60x40cm-www.printexpert.sk_.jpg, https://printexpert.sk/wp-content/uploads/2023/12/Rohoz-vlastny-text-60x40cm-www.printexpert.sk_.jpg, https://printexpert.sk/wp-content/uploads/2023/12/Rohoz-tlac-60x40cm-www.printexpert.sk_.jpg, https://printexpert.sk/wp-content/uploads/2023/12/Rohoz-doprava-60x40cm-www.printexpert.sk_.jpg, https://printexpert.sk/wp-content/uploads/2023/12/Rohoz-osetreny-s-technologiou-stick-60x40cm-www.printexpert.sk_.jpg"
3270,"https://printexpert.sk/wp-content/uploads/2023/10/FOTOGRAFIE-NA-PLATNE.png, https://printexpert.sk/wp-content/uploads/2023/10/FOTOGRAFIE-NA-PLATNE-www.printexpert.sk-01.png, https://printexpert.sk/wp-content/uploads/2023/10/FOTOGRAFIE-NA-PLATNE-www.printexpert.sk-05.png, https://printexpert.sk/wp-content/uploads/2023/10/FOTOGRAFIE-NA-PLATNE-www.printexpert.sk-04.png, https://printexpert.sk/wp-content/uploads/2023/10/FOTOGRAFIE-NA-PLATNE-www.printexpert.sk-02.png, https://printexpert.sk/wp-content/uploads/2023/10/FOTOGRAFIE-NA-PLATNE-www.printexpert.sk-03.png, https://printexpert.sk/wp-content/uploads/2023/10/FOTOGRAFIE-NA-PLATNE-www.printexpert.sk-06.png"
3285,https://printexpert.sk/wp-content/uploads/2023/10/canvas-mockup_176382-3761-2.jpg
3296,"https://printexpert.sk/wp-content/uploads/2023/10/Fotografie-na-fotopapieri-velky-format-www.printexpert.sk-Objednajte-si-online-Vasu-tlac-03.jpg, https://printexpert.sk/wp-content/uploads/2023/10/Fotografie-na-fotopapieri-velky-format-www.printexpert.sk-Objednajte-si-online-Vasu-tlac-08.jpg, https://printexpert.sk/wp-content/uploads/2023/10/Fotografie-na-fotopapieri-velky-format-www.printexpert.sk-Objednajte-si-online-Vasu-tlac-07.jpg, https://printexpert.sk/wp-content/uploads/2023/10/Fotografie-na-fotopapieri-velky-format-www.printexpert.sk-Objednajte-si-online-Vasu-tlac-06.jpg, https://printexpert.sk/wp-content/uploads/2023/10/Fotografie-na-fotopapieri-velky-format-www.printexpert.sk-Objednajte-si-online-Vasu-tlac-04.jpg, https://printexpert.sk/wp-content/uploads/2023/10/Fotografie-na-fotopapieri-velky-format-www.printexpert.sk-Objednajte-si-online-Vasu-tlac-02.jpg, https://printexpert.sk/wp-content/uploads/2023/10/Fotografie-na-fotopapieri-velky-format-www.printexpert.sk-Objednajte-si-online-Vasu-tlac-01.jpg, https://printexpert.sk/wp-content/uploads/2023/10/Fotografie-na-fotopapieri-velky-format-www.printexpert.sk-Objednajte-si-online-Vasu-tlac-05.jpg"
7348,"https://printexpert.sk/wp-content/uploads/2025/12/bf-empt.webp, https://printexpert.sk/wp-content/uploads/2025/12/y-standard.webp, https://printexpert.sk/wp-content/uploads/2025/12/y-knife.webp, https://printexpert.sk/wp-content/uploads/2025/12/y-round.webp, https://printexpert.sk/wp-content/uploads/2025/12/y-drop.webp"
7402,https://printexpert.sk/wp-content/uploads/2025/12/beach-flag-rectangl.webp
7429,"https://printexpert.sk/wp-content/uploads/2025/12/OTVORENE.webp, https://printexpert.sk/wp-content/uploads/2025/12/y-standard.webp, https://printexpert.sk/wp-content/uploads/2025/12/y-knife.webp, https://printexpert.sk/wp-content/uploads/2025/12/y-round.webp, https://printexpert.sk/wp-content/uploads/2025/12/y-drop.webp"
7431,"https://printexpert.sk/wp-content/uploads/2025/12/SERVIS.webp, https://printexpert.sk/wp-content/uploads/2025/12/y-standard.webp, https://printexpert.sk/wp-content/uploads/2025/12/y-knife.webp, https://printexpert.sk/wp-content/uploads/2025/12/y-round.webp, https://printexpert.sk/wp-content/uploads/2025/12/y-drop.webp"
7433,"https://printexpert.sk/wp-content/uploads/2025/12/INFO.webp, https://printexpert.sk/wp-content/uploads/2025/12/y-standard.webp, https://printexpert.sk/wp-content/uploads/2025/12/y-knife.webp, https://printexpert.sk/wp-content/uploads/2025/12/y-round.webp, https://printexpert.sk/wp-content/uploads/2025/12/y-drop.webp"
7439,"https://printexpert.sk/wp-content/uploads/2025/12/KVETY.webp, https://printexpert.sk/wp-content/uploads/2025/12/y-standard.webp, https://printexpert.sk/wp-content/uploads/2025/12/y-knife.webp, https://printexpert.sk/wp-content/uploads/2025/12/y-round.webp, https://printexpert.sk/wp-content/uploads/2025/12/y-drop.webp"
7448,"https://printexpert.sk/wp-content/uploads/2025/12/HOT-DOG.webp, https://printexpert.sk/wp-content/uploads/2025/12/y-standard.webp, https://printexpert.sk/wp-content/uploads/2025/12/y-knife.webp, https://printexpert.sk/wp-content/uploads/2025/12/y-round.webp, https://printexpert.sk/wp-content/uploads/2025/12/y-drop.webp"
7453,"https://printexpert.sk/wp-content/uploads/2025/12/BUFET.webp, https://printexpert.sk/wp-content/uploads/2025/12/y-standard.webp, https://printexpert.sk/wp-content/uploads/2025/12/y-knife.webp, https://printexpert.sk/wp-content/uploads/2025/12/y-round.webp, https://printexpert.sk/wp-content/uploads/2025/12/y-drop.webp"
7454,"https://printexpert.sk/wp-content/uploads/2025/12/POZICOVNA.webp, https://printexpert.sk/wp-content/uploads/2025/12/y-standard.webp, https://printexpert.sk/wp-content/uploads/2025/12/y-knife.webp, https://printexpert.sk/wp-content/uploads/2025/12/y-round.webp, https://printexpert.sk/wp-content/uploads/2025/12/y-drop.webp"
7455,"https://printexpert.sk/wp-content/uploads/2025/12/KAVACAJ.webp, https://printexpert.sk/wp-content/uploads/2025/12/y-standard.webp, https://printexpert.sk/wp-content/uploads/2025/12/y-knife.webp, https://printexpert.sk/wp-content/uploads/2025/12/y-round.webp, https://printexpert.sk/wp-content/uploads/2025/12/y-drop.webp"
7456,"https://printexpert.sk/wp-content/uploads/2025/12/TICKET.webp, https://printexpert.sk/wp-content/uploads/2025/12/y-standard.webp, https://printexpert.sk/wp-content/uploads/2025/12/y-knife.webp, https://printexpert.sk/wp-content/uploads/2025/12/y-round.webp, https://printexpert.sk/wp-content/uploads/2025/12/y-drop.webp"
7457,"https://printexpert.sk/wp-content/uploads/2025/12/ALKO-NEALKO.webp, https://printexpert.sk/wp-content/uploads/2025/12/y-standard.webp, https://printexpert.sk/wp-content/uploads/2025/12/y-knife.webp, https://printexpert.sk/wp-content/uploads/2025/12/y-round.webp, https://printexpert.sk/wp-content/uploads/2025/12/y-drop.webp"
7458,"https://printexpert.sk/wp-content/uploads/2025/12/HAMBURGER.webp, https://printexpert.sk/wp-content/uploads/2025/12/y-standard.webp, https://printexpert.sk/wp-content/uploads/2025/12/y-knife.webp, https://printexpert.sk/wp-content/uploads/2025/12/y-round.webp, https://printexpert.sk/wp-content/uploads/2025/12/y-drop.webp"
7470,https://printexpert.sk/wp-content/uploads/2025/12/Custom-shape-stickers.jpg
7472,https://printexpert.sk/wp-content/uploads/2025/12/stvorcove-etikety.jpg
7474,https://printexpert.sk/wp-content/uploads/2025/12/Square-Stickers.jpg
7476,https://printexpert.sk/wp-content/uploads/2025/12/Ovalne-nalepky.jpg
7478,https://printexpert.sk/wp-content/uploads/2025/12/Round-Stickers.jpg
